0.004716,-0.100133,-0.004003,0.008857
0.211813,0.054544,0.026506,-0.031830
0.225270,0.219563,-0.049691,0.039225
0.186614,0.207461,-0.036250,0.065661
0.187655,0.145010,-0.080491,0.080503
0.182858,0.084018,-0.080221,0.077358
0.166517,0.005053,-0.097965,0.069637
0.259528,-0.008218,0.140849,0.126736
0.273362,-0.050981,0.277648,0.067029
-0.046044,-0.076392,0.024800,-0.000519
-0.074316,-0.068826,0.014037,-0.001137
-0.061334,-0.034150,-0.029843,-0.009054
-0.063994,-0.034714,-0.032295,-0.005037
-0.096557,-0.055074,-0.005724,0.011164
-0.091476,-0.051671,-0.014612,0.011567
0.014161,-0.072004,0.015567,0.013164
0.301971,0.044046,0.113722,-0.006627
0.163983,0.179809,-0.031855,0.083585
0.169188,0.104952,-0.023378,0.108436
0.203691,0.017603,-0.070175,0.119252
0.164056,-0.064122,-0.087023,0.099527
0.256608,-0.058360,0.164501,0.178013
0.255048,-0.021333,0.283565,0.058112
-0.093705,-0.070907,0.003790,0.017689
-0.104640,-0.057417,0.003445,0.012485
-0.056015,-0.031870,-0.018977,-0.020434
-0.060905,-0.024055,-0.027148,-0.031242
-0.077510,-0.038460,-0.005786,-0.024438
-0.068179,-0.042709,-0.008226,-0.027079
-0.029299,-0.055624,-0.039063,-0.022207
0.029258,-0.081551,0.023458,0.026681
0.001975,0.052830,-0.182636,0.081166
0.084423,-0.024837,-0.033615,-0.072787
0.068219,-0.038319,-0.028688,-0.081485
0.077749,-0.047328,-0.063638,-0.074546
0.068419,-0.077138,-0.005857,-0.114727
0.091918,-0.096732,0.155312,0.006254
-0.094792,-0.059881,0.025834,-0.017246
-0.082171,-0.041141,0.002723,-0.024307
-0.058992,-0.017166,-0.023293,-0.041976
-0.065648,-0.010365,-0.028311,-0.035254
-0.102438,-0.022055,-0.014784,-0.006904
-0.085096,-0.018218,-0.051344,0.008467
-0.022366,-0.044169,-0.108323,0.028675
0.102170,-0.037833,0.126737,0.132685
-0.050827,-0.045362,-0.023296,-0.024799
-0.003082,-0.000349,0.122201,0.252448
-0.041137,0.093326,-0.033069,-0.019053
-0.006226,0.037457,0.013858,-0.033775
0.019779,0.001362,-0.011216,-0.109588
0.012023,-0.017665,-0.017338,-0.093319
0.017542,-0.046889,0.045270,-0.005731
-0.009730,-0.065984,0.011957,-0.023158
0.030860,-0.031058,0.011654,-0.111459
0.003899,-0.025034,-0.028731,-0.069914
0.104606,-0.082091,0.128795,0.043535
0.108204,-0.080944,0.107475,0.049582
-0.057850,-0.034128,-0.038194,-0.014972
-0.072215,-0.030489,-0.026419,-0.015383
-0.106629,-0.031138,0.002797,-0.010775
-0.034178,-0.053911,-0.014958,-0.028346
-0.003038,-0.000439,0.122649,0.252309
-0.058661,0.133190,-0.041584,-0.000352
-0.049909,0.191299,0.007673,0.021023
0.152902,0.296519,0.101851,0.062507
0.011302,0.130153,-0.095285,-0.062037
0.035966,0.073994,-0.038454,-0.125576
0.083161,-0.045482,0.086501,-0.097886
-0.016371,-0.019605,-0.067854,-0.041427
-0.015007,-0.027635,-0.065600,-0.037543
0.080563,-0.031725,0.082241,0.038510
0.015864,-0.025204,-0.030502,-0.104816
-0.019655,-0.027759,-0.046615,-0.051568
0.013773,-0.035951,0.050989,-0.089505
-0.008939,-0.051395,-0.090632,0.004778
-0.029674,-0.044463,-0.073227,0.001193
0.068652,-0.128532,0.093648,-0.001525
-0.069243,-0.037265,-0.050639,0.013017
-0.078481,-0.030655,-0.026553,-0.008114
-0.108993,-0.030031,0.007621,-0.014451
-0.051432,0.094156,-0.048114,-0.011599
-0.069027,0.102592,-0.068794,-0.109506
-0.159693,0.089875,0.075158,-0.008736
-0.147299,0.072513,-0.030503,-0.014864
-0.141591,0.070669,-0.034810,-0.001058
-0.119597,0.068262,-0.043318,0.023490
-0.073768,0.066096,-0.049149,0.051942
-0.029175,0.051968,-0.046386,0.061013
-0.014956,0.011632,-0.053645,0.046671
-0.055132,-0.019662,-0.027917,0.023213
-0.028885,-0.059878,-0.006292,0.030227
0.006551,-0.049505,0.009111,0.015627
-0.057958,-0.068248,-0.004843,-0.000106
-0.053929,-0.063716,-0.019649,0.000194
0.126028,-0.033329,0.135454,0.039998
0.046786,-0.027738,0.029828,-0.001826
0.011725,-0.121472,0.050627,-0.024412
0.014346,-0.118574,0.042755,-0.022392
-0.040067,-0.035744,-0.068880,0.003385
-0.062004,-0.033456,-0.041868,-0.006301
0.028871,-0.082291,0.022883,0.026396
0.010256,-0.000513,0.144853,0.255543
0.119101,0.033170,0.111412,-0.067959
0.090597,0.039749,0.107949,0.003740
-0.014272,-0.031932,-0.044525,-0.039803
-0.006048,-0.048004,-0.038500,-0.036203
-0.009313,-0.070873,0.022915,-0.023960
0.012010,-0.032263,-0.017487,-0.097083
-0.005501,-0.028360,-0.052292,-0.056192
0.167239,-0.055778,0.207072,0.085318
-0.017486,-0.079788,-0.040045,-0.005637
0.101287,-0.105639,0.144515,0.023183
-0.035734,-0.036133,-0.079169,0.007005
-0.064834,-0.031357,-0.036110,-0.011064
-0.109334,-0.030356,0.009464,-0.015645
0.034665,-0.076872,0.025712,0.029692
0.225810,0.049598,0.045075,-0.024043
0.242144,0.208396,-0.057358,0.035075
0.185665,0.212184,-0.056443,0.038282
0.185651,0.161939,-0.081837,0.070497
0.189250,0.091021,-0.077618,0.092748
0.173216,-0.006417,-0.094387,0.093864
0.246737,-0.025754,0.132380,0.143417
0.260784,-0.059333,0.273214,0.059570
-0.065070,-0.077061,0.013462,0.009669
-0.085750,-0.069242,0.009310,0.001718
-0.060033,-0.036805,-0.027488,-0.007433
-0.059580,-0.038585,-0.026953,-0.007059
-0.095065,-0.051038,-0.001414,0.001324
-0.085194,-0.048334,-0.013556,0.000891
-0.018637,-0.066435,-0.005398,-0.014106
0.222495,0.050647,0.040845,-0.025723
0.156118,0.217919,-0.049777,0.053103
0.155389,0.164872,-0.018071,0.087265
0.164084,0.109864,-0.026360,0.086919
0.181407,0.043028,-0.078606,0.079995
0.158109,-0.029598,-0.093210,0.071310
0.215009,-0.037730,0.108296,0.104481
0.274129,-0.049397,0.289443,0.061830
-0.061640,-0.077730,0.015802,0.001570
-0.072941,-0.069015,0.013250,-0.004870
-0.061278,-0.033308,-0.029867,-0.013205
-0.064138,-0.032404,-0.032259,-0.010743
-0.094291,-0.052180,-0.004573,0.004854
-0.096613,-0.050365,-0.012382,0.013167
-0.036068,-0.052806,-0.016008,-0.029101
-0.086080,0.080472,-0.225833,0.120863
-0.036322,0.083098,-0.056670,-0.013988
-0.069902,0.071920,-0.059079,-0.026521
0.136712,0.061116,0.183353,0.040438
-0.103110,-0.016739,0.007620,-0.033944
-0.077734,-0.015312,-0.009353,-0.043790
-0.054111,-0.021459,-0.025112,-0.041197
-0.073992,-0.006815,-0.010755,-0.054318
-0.078236,-0.017770,-0.010388,-0.039628
-0.050151,-0.036459,-0.022646,-0.036836
-0.040966,-0.042726,-0.026604,-0.035897
-0.033729,-0.033725,-0.008906,-0.069630
-0.055540,-0.023453,-0.008008,-0.058911
-0.040666,-0.044423,-0.040104,-0.020997
-0.027903,-0.037329,-0.080042,-0.000920
0.039732,-0.080996,-0.015698,0.022573
-0.115348,-0.033415,-0.010539,0.014210
-0.126882,-0.031654,0.000796,0.013594
-0.094482,-0.040471,-0.017178,0.007522
-0.002320,-0.062361,0.005095,-0.004302
0.053209,0.122490,-0.068970,-0.096667
0.120341,0.314821,0.266972,0.006379
0.011897,0.267689,0.197959,0.043929
-0.033713,0.294354,0.166983,0.056554
-0.041068,0.256780,0.140858,0.071810
-0.099415,0.145824,0.040799,-0.000838
-0.087827,0.077944,-0.044500,-0.020390
0.023344,0.006905,0.051413,0.070337
-0.034577,-0.007950,0.008540,0.040334
-0.061827,-0.009074,-0.098223,0.023160
-0.049633,-0.007403,-0.111783,0.022641
-0.002124,-0.055319,-0.067726,0.009493
-0.111235,-0.025947,-0.024360,0.020018
-0.135056,-0.027916,0.001711,0.016136
-0.009071,-0.068575,0.000479,-0.005955
-0.072246,0.072944,-0.221877,0.116065
-0.037751,0.056311,-0.060081,-0.039035
-0.031419,0.019923,-0.056927,-0.055600
0.027131,-0.042238,0.051079,-0.138755
-0.105295,-0.036752,0.023349,-0.027495
-0.108712,-0.023482,0.017169,-0.031168
-0.053761,-0.037584,-0.014457,-0.040391
-0.031123,-0.043084,-0.035546,-0.036434
-0.030302,-0.024829,0.018968,-0.109572
-0.051102,-0.045881,-0.023165,-0.024143
-0.073772,0.070650,-0.223729,0.118155
-0.035905,0.069041,-0.061240,-0.019239
-0.057079,0.052859,-0.060196,-0.032350
0.123977,0.000737,0.163815,-0.044060
-0.109473,-0.023813,0.018373,-0.031276
-0.103149,-0.016053,0.010743,-0.037733
-0.050005,-0.028705,-0.020602,-0.046881
-0.022963,-0.043242,-0.042116,-0.037868
0.000020,-0.023715,0.020805,-0.129966
-0.012952,-0.033458,0.023277,-0.121365
-0.021667,-0.050567,-0.039909,-0.034050
-0.019610,-0.042296,-0.055013,-0.029275
0.097901,0.002898,0.076462,0.044728
-0.071358,-0.012376,-0.030738,-0.031348
-0.105227,-0.015310,-0.013783,-0.010854
-0.098936,-0.027415,-0.014146,-0.004132
-0.045037,-0.057892,-0.046188,0.002946
-0.038467,-0.054351,-0.058349,0.004974
0.074347,-0.057171,0.094329,0.055005
0.021057,-0.090896,0.014202,0.020831
0.018873,0.051767,-0.171295,0.072418
0.101978,-0.027707,-0.039250,-0.073295
0.074654,-0.030670,-0.043439,-0.081230
0.079776,-0.048272,-0.063942,-0.071935
0.069170,-0.082821,-0.006676,-0.103833
0.213623,-0.055161,0.275232,0.037824
-0.106458,-0.055377,0.028382,-0.012718
-0.119222,-0.040489,0.023627,-0.010109
-0.078733,-0.048869,-0.003223,-0.015369
-0.062797,-0.038091,-0.028642,-0.015391
-0.106123,0.084987,-0.015022,-0.108778
-0.138121,0.102698,-0.025672,-0.023743
-0.148284,0.100529,-0.033959,-0.013370
-0.134582,0.103938,-0.040453,0.010721
-0.091394,0.111294,-0.047116,0.043908
-0.044329,0.102320,-0.045581,0.056927
-0.013503,0.075600,-0.039142,0.054301
-0.017312,0.019827,-0.049989,0.036179
-0.064651,-0.022284,-0.023173,0.018097
-0.016435,-0.058623,0.017555,0.030657
0.041299,-0.038652,0.044543,0.032671
-0.057186,-0.068047,-0.010766,0.002797
-0.052240,-0.068409,-0.022152,0.004789
0.135334,-0.040408,0.138644,0.123729
-0.024550,-0.034533,-0.084311,0.004329
-0.037892,-0.033832,-0.076834,0.004593
-0.063934,-0.032775,0.005522,-0.051555
-0.022681,-0.071010,-0.042616,-0.009881
-0.015452,-0.063070,-0.062020,-0.005648
-0.030320,-0.061018,-0.012465,-0.022205
0.046640,0.094352,-0.060094,-0.092688
0.208426,0.221558,0.250970,0.073279
0.135341,0.135423,0.190282,0.155230
0.078917,0.151293,0.159170,0.117445
-0.100509,-0.036276,-0.015798,0.024991
-0.069869,-0.065115,-0.026095,0.029612
-0.093586,-0.055109,-0.028046,0.036053
-0.103472,-0.033010,-0.023544,0.015881
-0.056390,-0.068560,-0.020925,0.011714
-0.062267,-0.054704,-0.025043,-0.003859
-0.095488,-0.024132,-0.012656,-0.013485
-0.091813,-0.026726,-0.001381,-0.026012
-0.053805,-0.038229,-0.019497,-0.032874
-0.067698,-0.044204,-0.006098,-0.028195
-0.055614,-0.030979,-0.050496,-0.009102
-0.019873,-0.034982,-0.087276,-0.004061
0.038496,-0.090313,-0.002811,0.008292
-0.079777,-0.026056,-0.028236,-0.010057
-0.109055,-0.030479,-0.018860,0.013626
-0.051510,0.094192,-0.048110,-0.011606
-0.069952,0.065514,-0.118006,-0.013827
-0.004812,0.028636,-0.063638,-0.006462
-0.048849,0.120348,-0.028726,-0.013846
-0.015007,0.073104,0.012167,-0.034266
0.025297,0.034144,-0.008700,-0.105141
0.015497,-0.004430,-0.014566,-0.100737
-0.023422,-0.060606,0.007603,-0.032799
-0.029171,-0.060000,-0.002492,-0.031705
0.042293,-0.034024,0.024495,-0.123394
0.010487,-0.026044,-0.027532,-0.085225
0.026939,-0.086546,0.060859,-0.007790
0.030322,-0.094235,0.056623,-0.004151
-0.016571,-0.030867,-0.072185,-0.024403
-0.050438,-0.031625,-0.039090,-0.023803
-0.039431,-0.054962,-0.017521,-0.025802
-0.069142,0.080309,-0.216182,0.110663
-0.059291,0.091403,-0.057549,-0.030348
-0.058248,0.052910,-0.052824,-0.052302
0.001576,-0.027357,0.001429,-0.104138
-0.089900,-0.045946,0.018452,-0.028756
-0.107200,-0.026313,0.018924,-0.031605
-0.066988,-0.028378,-0.011938,-0.038888
-0.043134,-0.031641,-0.024087,-0.041851
-0.038024,-0.038244,-0.025841,-0.039986
-0.045808,-0.040630,-0.020538,-0.039218
-0.034958,-0.035241,-0.054858,-0.021135
-0.018662,-0.042318,-0.075292,-0.009914
0.177142,-0.047481,0.188820,0.095914
-0.050005,-0.029049,-0.013848,-0.044804
-0.041036,-0.043424,0.021118,-0.051765
-0.009300,-0.065356,-0.089418,0.017892
-0.020748,-0.053577,-0.082404,0.010544
0.206518,-0.037444,0.207225,0.159853
-0.103725,-0.033450,-0.011168,0.003667
-0.001732,-0.104565,-0.015527,0.003697
0.107885,0.075820,-0.082815,0.031077
0.058648,-0.012389,-0.033861,-0.063636
0.078340,-0.013771,-0.054800,-0.074334
0.084897,-0.041934,-0.066058,-0.068612
0.063081,-0.084648,-0.018684,-0.091143
0.250088,-0.041174,0.308277,0.011524
-0.102405,-0.055699,0.028195,-0.016275
-0.119223,-0.039873,0.023942,-0.011040
-0.076692,-0.048706,-0.004054,-0.016742
-0.051459,0.094169,-0.048113,-0.011602
-0.069097,0.102528,-0.068683,-0.109485
-0.151107,0.092350,0.077900,-0.004277
-0.136511,0.069698,-0.036879,0.004444
-0.108619,0.067962,-0.045962,0.031698
-0.055880,0.065918,-0.048187,0.061885
-0.017615,0.039111,-0.047322,0.060802
-0.008420,-0.004134,-0.053777,0.045333
-0.047211,-0.031300,-0.029434,0.024392
-0.019648,-0.062534,0.017381,0.053068
-0.012140,-0.070888,-0.011508,0.028214
-0.057487,-0.073145,-0.007250,0.002130
-0.050456,-0.069092,-0.009714,-0.005391
0.024475,-0.045022,0.005576,-0.047592
0.002519,-0.029499,-0.022965,-0.056741
0.058752,-0.113405,0.102258,0.001186
0.036344,-0.119640,0.068196,-0.016182
-0.044386,-0.035685,-0.073051,0.010066
-0.069486,-0.031513,-0.031228,-0.011953
-0.103230,-0.030622,0.002557,-0.014526
0.030073,-0.078119,0.025313,0.027075
0.218396,0.044768,0.050913,-0.020974
0.181956,0.152386,-0.038666,0.088132
0.170859,0.102720,-0.025376,0.108152
0.197271,0.023949,-0.072567,0.108582
0.162408,-0.051400,-0.088576,0.086380
0.200762,-0.060105,0.094263,0.115543
0.276149,-0.045704,0.294359,0.074803
-0.014648,-0.082187,0.057273,-0.012142
-0.055496,-0.077796,0.023384,-0.004604
-0.063185,-0.035210,-0.034443,-0.007780
-0.063461,-0.034603,-0.031928,-0.008493
-0.091328,-0.050033,-0.003240,-0.001591
-0.086489,-0.051576,-0.005891,-0.002237
-0.039514,-0.068587,-0.031353,-0.006714
0.037596,-0.058754,0.032447,0.029146
-0.056183,0.062219,-0.217492,0.111251
-0.032937,0.037720,-0.058833,-0.047313
-0.015718,0.001795,-0.056394,-0.060321
0.003619,-0.045478,0.008191,-0.102661
-0.089330,-0.051525,0.025215,-0.030550
-0.105429,-0.031427,0.023296,-0.032634
-0.065604,-0.033196,-0.007030,-0.040364
-0.039898,-0.039335,-0.024548,-0.041191
-0.032733,-0.045622,-0.025382,-0.036580
-0.032643,-0.056471,-0.033617,-0.023447
-0.074186,-0.028340,0.005211,-0.047994
-0.099513,-0.023955,0.001118,-0.023464
-0.036443,-0.061569,-0.034202,-0.013564
-0.033500,-0.058841,-0.057046,0.003200
-0.021067,-0.065433,-0.007004,-0.015592
-0.053212,0.089165,-0.073323,-0.107600
0.027820,0.134618,0.033841,0.096902
-0.013206,0.047617,-0.048462,0.063598
-0.072330,-0.038948,-0.032449,0.035296
-0.017092,-0.066444,0.064962,0.110684
0.015000,-0.081262,0.064436,0.071554
-0.069066,-0.065668,-0.020324,0.015572
-0.066861,-0.052845,-0.030245,0.009978
0.155438,-0.009694,0.158120,0.044897
0.018372,-0.019966,-0.008488,-0.072273
0.100138,-0.050505,0.106769,0.051431
0.111229,-0.054473,0.103254,0.065518
-0.043477,-0.031995,-0.037017,-0.032824
-0.062359,-0.030331,-0.025868,-0.026590
0.002130,-0.102084,-0.007839,0.006816
0.233619,0.055950,0.035162,-0.028622
0.267223,0.230757,-0.078422,0.020067
0.196738,0.252101,-0.066266,0.043723
0.186406,0.209854,-0.082237,0.050686
0.182373,0.169432,-0.083990,0.050052
0.175413,0.129144,-0.080908,0.048434
0.273784,0.139560,0.125935,0.076534
0.300267,0.030301,0.278752,0.059780
-0.002436,-0.003907,0.050181,-0.022992
-0.063935,-0.030886,0.031899,0.013681
-0.053184,-0.039158,-0.021851,0.025430
-0.057767,-0.047459,-0.027270,0.021574
-0.099434,-0.057103,-0.007184,0.017533
-0.095541,-0.050747,-0.005579,0.005674
0.022030,-0.074774,0.020893,0.019665
-0.081516,0.099074,-0.053944,-0.108427
-0.129327,0.114553,0.005642,-0.015322
-0.120098,0.100254,-0.042765,0.003181
-0.077303,0.108835,-0.047836,0.040553
-0.031532,0.100186,-0.042277,0.057641
-0.010640,0.065341,-0.039280,0.048968
-0.013991,0.023739,-0.046293,0.024645
-0.052823,0.006139,-0.006182,0.006767
-0.015489,-0.041510,0.009282,0.021281
0.038048,-0.024175,0.034552,0.035370
-0.063274,-0.058249,-0.011492,0.005309
-0.057169,-0.062394,-0.021620,0.004544
0.099631,-0.025770,0.092265,0.045986
-0.005545,-0.036682,-0.018393,-0.003045
0.089483,-0.120416,0.130653,0.011655
0.121081,-0.102565,0.137114,0.042572
-0.062144,-0.035650,-0.039632,-0.007191
-0.072879,-0.029324,-0.026040,-0.016098
-0.108492,-0.030450,0.007487,-0.014418
-0.063172,-0.037954,-0.028692,-0.015097
-0.102811,0.069928,-0.229267,0.134783
0.090281,-0.004470,0.117675,-0.081411
0.005593,-0.017443,0.059771,-0.002684
-0.108851,-0.020534,0.017593,-0.034401
-0.090796,-0.021366,0.007256,-0.041288
-0.041460,-0.029659,-0.028894,-0.046181
-0.019045,-0.041877,-0.050226,-0.035045
0.022338,-0.043316,0.031300,-0.055184
0.016219,-0.033263,0.038173,-0.088170
-0.011661,-0.044985,-0.079948,-0.009598
-0.027678,-0.039108,-0.068440,-0.010958
0.002510,-0.120231,0.010142,-0.007658
-0.045368,-0.031729,-0.049793,-0.014321
-0.077549,-0.031546,-0.022540,-0.013606
-0.031676,-0.060320,-0.013770,-0.021297
-0.078454,0.085361,-0.046596,-0.105270
-0.070085,0.123035,-0.003631,0.033156
-0.052953,0.102377,-0.046958,0.048392
-0.017656,0.084662,-0.038996,0.054951
-0.013127,0.038957,-0.043782,0.038812
-0.058674,0.002826,-0.010391,0.014734
-0.018999,-0.040199,-0.005676,0.014614
0.048949,-0.015235,0.046798,0.031310
-0.062445,-0.052913,-0.008384,0.003468
-0.059445,-0.052838,-0.023556,0.002004
0.147207,-0.008711,0.156786,0.067649
-0.028959,-0.038565,-0.075124,0.006416
-0.054836,-0.040089,-0.062378,0.026680
0.140012,-0.020537,0.153606,0.148055
-0.007073,-0.099831,-0.051377,0.015979
-0.023085,-0.034192,0.031496,-0.012759
-0.086234,-0.030417,-0.003484,-0.024338
-0.028924,-0.064168,-0.037497,-0.015595
-0.027548,-0.056635,-0.038853,-0.023156
0.016088,-0.093423,0.009202,0.017352
0.022042,-0.008938,0.160177,0.263026
-0.000571,0.026019,-0.067355,-0.087230
0.016817,-0.013764,-0.029640,-0.116018
0.027247,-0.053936,0.043654,-0.108752
-0.010424,-0.036833,-0.067136,-0.031792
-0.018819,-0.038135,-0.054747,-0.034450
0.010837,-0.101022,0.042200,-0.006696
-0.000658,-0.021024,-0.049202,-0.070167
-0.031925,-0.015681,-0.053945,-0.044265
-0.042516,-0.007520,0.016131,-0.102007
-0.017696,-0.036149,-0.097963,0.005645
-0.026197,-0.028405,-0.100555,0.008969
0.198092,-0.015120,0.205745,0.119343
-0.095856,-0.041985,-0.019668,0.022621
-0.048364,-0.043501,-0.021890,-0.029240
-0.074525,0.083505,-0.049117,-0.104839
-0.041097,0.133917,0.005794,0.058406
-0.030882,0.100086,-0.042328,0.062304
-0.010512,0.060706,-0.040805,0.053669
-0.061655,0.001039,-0.015849,0.024285
-0.021749,-0.061677,0.025256,0.048970
0.022342,-0.038981,0.016110,0.032962
-0.059990,-0.066602,-0.012064,0.004626
-0.052483,-0.067753,-0.021570,0.004260
0.097000,-0.037232,0.090528,0.049605
-0.008208,-0.032149,-0.028267,-0.024713
0.179408,-0.063261,0.206256,0.089384
-0.002680,-0.087904,-0.056334,0.001546
0.198928,-0.040895,0.197404,0.109949
-0.002370,-0.104516,-0.017242,0.003261
0.098680,0.091200,-0.077978,0.036611
0.007100,0.032026,-0.044056,-0.019139
0.037139,0.036050,-0.058753,-0.049678
0.058388,0.012394,-0.057551,-0.054488
0.070050,-0.005801,-0.057871,-0.052643
0.087245,-0.032125,-0.069868,-0.052304
0.070755,-0.081717,-0.015584,-0.069075
0.251509,-0.022068,0.310161,0.019911
-0.109218,-0.051495,0.020391,-0.005863
-0.123790,-0.032854,0.014897,-0.004444
-0.072123,-0.041680,-0.012088,-0.020302
-0.037492,-0.045028,-0.024763,-0.032662
-0.081679,-0.025480,0.001250,-0.040112
-0.088949,-0.027587,0.007286,-0.036771
-0.034217,-0.057207,-0.014438,-0.025866
-0.032508,0.122382,-0.107596,-0.125736
0.091310,0.278084,0.008203,0.012717
0.026496,0.128154,0.002079,0.057622
0.002056,0.027129,-0.053458,0.047161
-0.077095,-0.024846,-0.019266,0.027517
-0.011619,-0.071900,0.052269,0.109609
0.011622,-0.081170,0.041587,0.083202
-0.058512,-0.075383,-0.008534,0.005008
-0.054434,-0.066405,-0.010591,-0.002929
0.057295,-0.012765,0.014415,0.031902
-0.010312,-0.018613,-0.086452,-0.020253
0.012165,-0.036253,0.039054,-0.091900
-0.003400,-0.064434,-0.070015,-0.008326
-0.006768,-0.050830,-0.083761,-0.004823
0.052125,-0.030972,0.072414,-0.061528
-0.032928,-0.038954,0.024914,-0.090264
-0.010046,-0.066771,-0.058345,-0.011025
-0.008465,-0.053397,-0.087180,0.002856
0.132425,-0.025566,0.138900,0.058485
0.026383,-0.075991,0.022956,0.023635
0.000737,-0.004533,0.132537,0.252752
0.006405,0.028555,-0.033304,-0.042388
-0.012513,-0.005184,0.008292,-0.042358
0.002810,-0.016838,-0.029584,-0.084862
0.007046,-0.029038,-0.019686,-0.078613
0.002217,-0.063696,0.031761,-0.016211
-0.018560,-0.073568,0.007500,-0.025692
0.026845,-0.035478,0.014005,-0.108328
0.001401,-0.026991,-0.029717,-0.071803
0.119648,-0.081397,0.128805,0.062630
0.140187,-0.066590,0.132474,0.078676
-0.049105,-0.028419,-0.038561,-0.029521
-0.073563,-0.024694,-0.026298,-0.020179
-0.110330,-0.030660,0.000558,-0.005125
-0.031280,-0.060603,-0.013281,-0.021819
-0.069983,0.078160,-0.049477,-0.103715
0.005528,0.141840,0.006047,0.094403
-0.007594,0.078917,-0.039662,0.070535
-0.024942,-0.007414,-0.059872,0.038734
-0.061172,-0.044592,-0.028904,0.026118
-0.009391,-0.072351,0.047895,0.078759
0.029000,-0.068214,0.040288,0.044076
-0.056133,-0.072100,-0.011764,0.002945
-0.053426,-0.067140,-0.017095,-0.000641
0.040142,-0.038739,0.020216,-0.040475
-0.001975,-0.025976,-0.056081,-0.054339
0.155269,-0.005730,0.160143,0.045264
0.008636,-0.095818,-0.059594,0.001576
0.203193,-0.028173,0.200022,0.111560
-0.029364,-0.057975,-0.012361,-0.024007
-0.004188,0.003487,0.124324,0.250275
-0.012998,0.076014,-0.035043,-0.026491
-0.004511,0.031062,0.014575,-0.037002
0.024052,0.004954,-0.006953,-0.101795
0.013386,-0.018505,-0.013972,-0.092483
0.003606,-0.048743,0.035665,-0.014115
-0.012759,-0.061033,0.011363,-0.023348
0.030292,-0.024494,-0.000362,-0.130562
0.011721,-0.022553,-0.044752,-0.083715
0.173633,-0.039278,0.180967,0.101347
-0.004619,-0.072433,-0.065073,-0.003844
0.135398,-0.069092,0.129272,0.073668
-0.052682,-0.033651,-0.034734,-0.024346
-0.064347,-0.029654,-0.030254,-0.020373
-0.049233,-0.047237,-0.022224,-0.025015
0.101306,0.078313,-0.052028,-0.075476
0.083681,0.326675,-0.000540,0.018596
0.008184,0.210275,-0.107724,0.040303
0.012974,0.161735,-0.041614,0.077622
0.118414,0.223074,0.181338,0.054771
-0.141690,-0.014445,-0.010107,0.030844
-0.126168,-0.033065,-0.015773,0.028989
-0.063013,-0.058008,-0.056944,0.031786
0.024920,-0.074716,0.049462,0.109059
-0.051459,0.094168,-0.048113,-0.011602
-0.069957,0.065517,-0.118016,-0.013806
-0.004839,0.028782,-0.063737,-0.006200
-0.056151,0.144387,-0.031772,0.000505
-0.021940,0.132353,0.012360,-0.012448
0.060006,0.105868,0.015458,-0.088290
0.028980,0.029009,-0.010063,-0.113203
-0.017125,-0.037356,0.012405,-0.034081
-0.032322,-0.049487,-0.002305,-0.032988
0.047983,-0.026357,0.024531,-0.120476
0.024613,-0.018003,-0.023711,-0.113175
0.091615,-0.033170,0.113211,0.032089
0.067129,-0.061300,0.085459,0.021915
-0.019877,-0.029316,-0.059741,-0.035165
-0.048541,-0.029367,-0.039471,-0.027541
-0.059460,-0.039655,-0.027109,-0.018698
-0.071109,0.095790,-0.061963,-0.107624
-0.076761,0.133182,0.032558,0.027648
-0.068278,0.103114,-0.048343,0.041685
-0.015338,0.094106,-0.038767,0.068921
-0.016649,0.029288,-0.048826,0.044432
-0.065111,-0.019215,-0.022483,0.019825
-0.017518,-0.061379,0.021403,0.037534
0.018978,-0.046817,0.008351,0.036900
-0.055669,-0.075101,-0.008984,0.005722
-0.051435,-0.072925,-0.017981,0.004670
0.094670,-0.044087,0.087185,0.058936
-0.014216,-0.029681,-0.047847,-0.024276
0.212712,-0.024883,0.230068,0.115258
0.009333,-0.104591,-0.053483,0.007501
0.103284,-0.025825,0.115256,0.035631
-0.048761,-0.039752,0.014966,-0.045324
-0.010737,-0.069439,-0.069523,0.003516
-0.009201,-0.061287,-0.071422,-0.004278
-0.032231,-0.040051,0.026764,-0.087495
-0.002290,-0.103741,-0.016585,0.003457
0.003139,0.060190,-0.175934,0.077644
0.088842,-0.014499,-0.042564,-0.061313
0.070093,-0.023950,-0.040842,-0.077361
0.082614,-0.040800,-0.064130,-0.074595
0.063573,-0.084993,-0.018233,-0.091802
0.253803,-0.038868,0.312426,0.019801
-0.097928,-0.057059,0.028637,-0.019836
-0.113524,-0.038540,0.025094,-0.019224
-0.074959,-0.040085,-0.004276,-0.026874
-0.023584,-0.055835,-0.008194,-0.023840
0.003744,-0.005897,0.138195,0.253897
0.020632,0.017220,-0.033612,-0.041682
-0.012156,0.003597,-0.018349,-0.046249
-0.012343,-0.026161,0.007425,-0.042282
0.000442,-0.034941,-0.024953,-0.070835
0.006027,-0.037875,-0.016241,-0.078359
-0.024528,-0.075936,0.008942,-0.025455
-0.042644,-0.065856,-0.006104,-0.017634
0.083521,-0.044264,0.088974,-0.035663
0.026734,-0.029178,0.020873,-0.041636
0.007466,-0.111678,0.034103,-0.020647
0.020407,-0.111948,0.032160,-0.009025
-0.044406,-0.034376,-0.054643,-0.009244
-0.064395,-0.033046,-0.033432,-0.013622
-0.038662,-0.055099,-0.016927,-0.026182
0.047725,0.104611,-0.062689,-0.094258
0.183356,0.262779,0.258094,0.047854
0.090952,0.177204,0.194744,0.101562
0.034500,0.212454,0.149351,0.078453
-0.031238,0.126765,0.087065,0.055353
0.022395,0.116050,0.087000,0.089513
-0.035320,-0.033126,-0.001917,0.048486
-0.068781,-0.049022,-0.048802,0.020804
-0.050458,-0.052951,-0.066768,0.023986
-0.017478,-0.066830,-0.004689,-0.013123
-0.058382,0.094446,-0.072580,-0.108417
0.008003,0.158665,0.059278,0.086427
-0.010066,0.096321,-0.037803,0.076905
-0.022814,0.010571,-0.056741,0.043271
-0.065513,-0.040903,-0.030017,0.028586
-0.010935,-0.069694,0.055176,0.093326
0.008315,-0.072474,0.013879,0.047926
-0.060679,-0.070800,-0.014284,0.006973
-0.055314,-0.065534,-0.017384,-0.000079
0.054727,-0.037030,0.035055,-0.019392
0.001076,-0.018131,-0.031722,-0.038476
0.211902,-0.020684,0.232490,0.114039
0.004605,-0.087127,-0.064866,0.002607
0.125654,-0.028914,0.134015,0.019382
0.021287,-0.035959,0.054894,-0.053219
-0.008559,-0.052637,-0.093152,0.008162
-0.018934,-0.043441,-0.085503,0.001699
0.202838,-0.028621,0.195441,0.114855
-0.076944,-0.032954,-0.003610,-0.031032
0.029354,-0.077720,0.025094,0.026279
0.231606,0.048446,0.051117,-0.021776
0.154329,0.203411,-0.043961,0.062606
0.158826,0.148883,-0.013311,0.095588
0.175607,0.089354,-0.051547,0.086783
0.181217,0.025452,-0.077479,0.082251
0.151297,-0.031794,-0.092731,0.053675
0.204144,-0.030483,0.104398,0.064285
0.265621,-0.045703,0.282034,0.042480
-0.029455,-0.071969,0.040491,-0.006438
-0.065149,-0.057558,0.020527,-0.004198
-0.064096,-0.031870,-0.034030,-0.006129
-0.062639,-0.038909,-0.031469,0.006069
-0.096415,-0.054248,-0.005356,0.009831
-0.096820,-0.050912,-0.005886,0.007425
-0.051446,0.094162,-0.048114,-0.011601
-0.069081,0.102542,-0.068708,-0.109490
-0.156265,0.092538,0.076852,-0.008746
-0.145940,0.072234,-0.031137,-0.012911
-0.136859,0.070135,-0.037372,0.006538
-0.107027,0.067993,-0.046299,0.032906
-0.060985,0.060820,-0.048021,0.051439
-0.026109,0.043158,-0.046218,0.052249
-0.015134,0.004124,-0.055390,0.042616
-0.057249,-0.024472,-0.026598,0.024565
-0.025894,-0.062375,0.000899,0.040687
0.006513,-0.054264,0.008846,0.015424
-0.052432,-0.069394,-0.002580,-0.003826
-0.051508,-0.062896,-0.016512,-0.003932
0.100848,-0.029873,0.105892,-0.002711
0.038942,-0.022973,0.029602,-0.036368
-0.007102,-0.117164,0.028547,-0.022774
-0.005178,-0.116468,0.021955,-0.022776
-0.047067,-0.036522,-0.048313,0.009931
-0.074676,-0.035904,-0.034138,0.000217
0.002719,-0.101620,-0.006911,0.007285
0.416543,0.059168,0.196260,-0.018794
0.186914,0.223519,-0.080644,0.055256
0.187428,0.158663,-0.080087,0.083756
0.188927,0.087422,-0.077251,0.093714
0.169312,0.000321,-0.096249,0.080693
0.236209,-0.013138,0.114008,0.127368
0.270813,-0.053030,0.278371,0.067094
-0.044567,-0.074918,0.027388,0.009911
-0.083822,-0.076978,0.010404,0.010946
-0.057695,-0.043819,-0.026528,0.010584
-0.063990,-0.036318,-0.032725,-0.003358
-0.089254,-0.049859,-0.005101,-0.001979
-0.083205,-0.052283,-0.008012,-0.002693
-0.038396,-0.068486,-0.032897,-0.006397
-0.051450,0.094164,-0.048113,-0.011601
0.075558,0.198352,-0.037848,-0.242456
0.184596,0.345852,0.166815,0.038506
0.150709,0.342597,0.229856,0.054613
0.044640,0.252467,0.170580,0.058405
-0.146657,0.029307,-0.004088,0.029759
-0.127632,-0.002504,-0.043393,0.029188
-0.044876,-0.034399,-0.067205,0.022435
-0.111425,-0.040335,-0.015869,0.027260
-0.127902,-0.036561,0.002852,0.017036
0.024493,-0.087310,0.017978,0.023519
0.008261,0.014178,0.137784,0.255938
0.011776,0.114816,-0.088335,-0.061736
0.033180,0.058765,-0.031785,-0.126226
0.107732,0.016642,0.108076,-0.061247
-0.017892,-0.002011,-0.081175,-0.031509
-0.019129,-0.017579,-0.073538,-0.029675
0.084695,0.012215,0.091119,0.031074
0.019696,-0.020183,-0.036583,-0.104286
-0.017624,-0.025234,-0.048396,-0.053887
-0.016272,-0.034656,0.031659,-0.123959
-0.013274,-0.062814,-0.043820,-0.026278
-0.012361,-0.049683,-0.068828,-0.015320
0.163886,-0.003082,0.165049,0.060587
-0.082676,-0.037561,-0.007873,-0.013108
0.000822,-0.102604,-0.009945,0.005840
-0.039735,0.131080,-0.108120,-0.126374
0.150023,0.345481,0.020269,0.009393
0.149051,0.336000,0.017539,0.029962
0.072208,0.214654,-0.006653,0.031754
0.001836,0.087941,-0.032070,0.024919
-0.072390,0.000977,-0.016579,0.021218
0.087994,-0.015501,0.136334,0.085128
0.163680,0.013374,0.170893,0.090485
0.173495,-0.012436,0.237793,0.043377
0.255369,0.017697,0.324292,0.102663
0.161841,-0.000790,0.218094,0.055395
-0.010143,-0.020943,0.003126,-0.026677
0.218128,0.002505,0.217422,0.162941
-0.003495,-0.088650,-0.075631,0.022245
-0.010548,-0.068908,-0.000264,-0.007596
0.005673,-0.009084,0.141223,0.254950
0.021716,0.005018,-0.023730,-0.053522
-0.003882,-0.007764,-0.015835,-0.047679
-0.012053,-0.033151,0.005396,-0.042984
0.000231,-0.037446,-0.024943,-0.067990
0.009322,-0.043353,-0.010488,-0.063958
-0.038497,-0.073028,0.003432,-0.017779
-0.044445,-0.065149,-0.007787,-0.016095
0.052124,-0.036693,0.050532,-0.087885
0.003693,-0.026668,-0.017927,-0.076379
0.042578,-0.121554,0.076456,-0.004539
0.029238,-0.122048,0.038575,-0.005246
-0.050233,-0.033785,-0.050070,-0.009591
-0.071652,-0.030557,-0.023990,-0.018835
-0.051450,0.094164,-0.048113,-0.011601
-0.066393,0.099089,-0.068790,-0.108770
-0.086911,0.099085,0.087961,0.038783
-0.087075,0.066316,-0.048676,0.043856
-0.027534,0.062813,-0.046672,0.076234
-0.012982,0.000226,-0.060277,0.056708
-0.051699,-0.036890,-0.031801,0.032676
-0.015402,-0.059830,0.029036,0.093279
-0.007357,-0.076539,0.013567,0.037771
-0.063445,-0.070823,-0.008795,0.006318
-0.060712,-0.067377,-0.010950,0.001763
0.047857,-0.041504,0.028997,-0.035327
0.003338,-0.026515,-0.034280,-0.069366
0.187567,-0.027378,0.202392,0.104937
-0.002112,-0.080904,-0.056283,-0.006376
0.115290,-0.092406,0.131733,0.050363
-0.047447,-0.036374,-0.066293,0.006824
-0.075331,-0.033472,-0.035825,0.001347
-0.114895,-0.032393,0.004366,-0.002386
-0.036621,-0.071310,-0.017946,-0.004019
0.039064,-0.070216,0.030881,0.032580
0.207373,0.056423,0.020089,-0.034651
0.221509,0.229237,-0.049138,0.036350
0.188489,0.217684,-0.029274,0.062952
0.188010,0.160265,-0.080436,0.081067
0.181933,0.099738,-0.081033,0.075531
0.166088,0.019242,-0.100519,0.068557
0.268151,0.004926,0.146096,0.128993
0.265073,-0.058140,0.264074,0.064887
-0.061999,-0.075014,0.011761,0.011924
-0.076206,-0.069725,0.012960,-0.000123
-0.061056,-0.034835,-0.029351,-0.007928
-0.063852,-0.034506,-0.032052,-0.006201
-0.091971,-0.050100,-0.003899,-0.000221
-0.086091,-0.053033,-0.006273,-0.000797
-0.051505,0.094190,-0.048110,-0.011606
0.076426,0.200013,-0.037475,-0.243018
0.169727,0.371527,0.163822,0.009215
0.131869,0.360630,0.236605,0.035634
0.045846,0.307638,0.200185,0.061665
-0.123403,0.085566,0.026168,0.021008
-0.135949,0.015055,-0.050794,0.034326
-0.043164,-0.009365,-0.065106,0.008573
-0.118327,-0.032743,-0.016905,0.029941
-0.126300,-0.035057,-0.001665,0.019213
-0.021167,-0.064942,-0.006875,-0.016713
0.003722,-0.005849,0.138161,0.253884
0.020310,0.019273,-0.035423,-0.039237
-0.013355,0.004738,-0.018933,-0.045333
-0.013000,-0.025430,0.007404,-0.041639
0.000556,-0.034636,-0.024745,-0.071340
0.006234,-0.037751,-0.016097,-0.077700
-0.025233,-0.075758,0.008387,-0.025458
-0.044383,-0.065167,-0.007745,-0.016282
0.090869,-0.042936,0.096089,-0.027054
0.063544,-0.022341,0.059604,0.012528
-0.000545,-0.095824,0.022567,-0.019166
0.005057,-0.095992,0.023583,-0.016797
-0.042301,-0.030976,-0.055393,-0.015119
-0.060137,-0.029745,-0.029160,-0.025902
-0.043156,-0.047486,-0.019532,-0.030496
-0.060399,0.056973,-0.222513,0.116951
-0.003284,-0.001755,-0.057637,-0.063386
-0.008064,-0.020851,-0.050656,-0.061265
0.042975,-0.055418,0.074757,-0.159029
-0.099021,-0.043300,0.028186,-0.032059
-0.103961,-0.030310,0.022704,-0.034627
-0.059763,-0.040176,-0.006725,-0.039529
-0.026783,-0.053636,-0.040150,-0.025624
-0.000341,-0.049635,0.029245,-0.063388
-0.046737,-0.045407,-0.021341,-0.029324
0.001221,-0.007233,0.132214,0.253292
-0.006980,0.031348,-0.027349,-0.044640
-0.013400,-0.014384,0.007375,-0.043275
0.007296,-0.030258,-0.015216,-0.082504
0.005542,-0.032802,-0.020496,-0.074379
-0.021823,-0.072509,0.015897,-0.022638
-0.038213,-0.067982,-0.001136,-0.020532
0.039047,-0.030238,0.022018,-0.094535
0.006160,-0.025375,-0.040073,-0.075490
0.180023,-0.016080,0.181081,0.101564
0.002230,-0.079208,-0.065138,-0.003902
0.106971,-0.097600,0.104271,0.049457
-0.057627,-0.033636,-0.039620,-0.014046
-0.069365,-0.030400,-0.030550,-0.014068
0.008447,-0.099186,-0.000191,0.011088
0.009819,0.055313,-0.174955,0.075876
0.095772,-0.022968,-0.039281,-0.070331
0.071788,-0.030106,-0.039185,-0.081260
0.080182,-0.045405,-0.063213,-0.075030
0.064771,-0.077783,-0.013825,-0.107837
0.229751,-0.048897,0.281693,0.007933
-0.097318,-0.053549,0.029899,-0.025163
-0.118130,-0.038267,0.022832,-0.012626
-0.088122,-0.047147,-0.004040,-0.006885
-0.064177,-0.037250,-0.029499,-0.014010
-0.063323,0.095020,-0.068578,-0.108041
-0.021926,0.152811,0.054350,0.067471
-0.030101,0.104061,-0.042016,0.067445
-0.010776,0.056927,-0.042515,0.057200
-0.066295,-0.013674,-0.023143,0.026289
-0.011568,-0.056496,0.066578,0.109028
-0.009870,-0.085815,0.025147,0.074036
-0.062752,-0.071138,-0.015772,0.010007
-0.056262,-0.065311,-0.019490,0.002129
0.090647,-0.030009,0.074586,0.034054
0.004641,-0.015720,-0.028457,-0.024323
0.208133,-0.021466,0.214763,0.095801
0.004353,-0.084931,-0.066696,0.002562
0.153148,-0.030072,0.155947,0.046208
-0.014385,-0.038926,0.033930,-0.106538
-0.012747,-0.059787,-0.055214,-0.018442
-0.009941,-0.048934,-0.077726,-0.009590
0.180577,-0.002697,0.178052,0.079909
-0.084076,-0.037823,-0.011185,-0.007944
-0.060531,-0.038734,-0.027753,-0.017912
0.114548,0.069048,-0.035927,-0.063890
0.081431,0.272220,-0.041129,0.051282
0.028305,0.155454,-0.108387,0.062932
0.021756,0.092073,-0.079252,0.063812
0.219084,0.101426,0.246653,0.108455
-0.118890,-0.040448,-0.006220,0.028847
-0.116022,-0.051145,-0.009683,0.030872
-0.062741,-0.064786,-0.025069,0.013561
-0.100140,-0.034662,-0.014580,0.004246
-0.104583,-0.033068,-0.008329,0.000576
-0.038361,-0.068642,-0.004525,0.018731
-0.059255,-0.055175,-0.022433,-0.009205
-0.090446,-0.030100,-0.011146,-0.014195
-0.096585,-0.029598,-0.004305,-0.015464
0.028140,-0.077769,0.023465,0.025314
0.013174,0.002518,0.146791,0.257604
0.098396,0.108656,0.111944,0.005998
0.087772,0.026231,0.103110,-0.012389
-0.023535,-0.028197,-0.019768,-0.038182
-0.027855,-0.039015,-0.030629,-0.036887
0.090422,-0.020966,0.087915,-0.163032
0.039922,-0.024838,0.010120,-0.156158
-0.010317,-0.090289,-0.014394,-0.013094
-0.017178,-0.082088,-0.028664,-0.008769
-0.005224,-0.024443,0.030953,-0.012276
-0.067446,-0.033031,-0.056469,0.018212
0.157717,0.004804,0.178490,0.112584
-0.012904,-0.080353,-0.046108,-0.006579
-0.005558,-0.036365,0.014578,-0.083600
-0.012132,-0.064695,-0.001733,-0.009605
-0.093131,0.082075,-0.228092,0.124228
-0.030095,0.052537,-0.052399,-0.033651
-0.043599,0.024030,-0.047479,-0.054092
-0.061998,-0.036924,0.004367,-0.032214
-0.083476,-0.028222,0.004227,-0.038718
-0.059848,-0.027691,-0.013541,-0.037615
-0.066106,-0.014114,-0.023448,-0.042311
-0.067170,-0.020977,-0.023212,-0.034680
-0.058870,-0.036603,-0.016193,-0.034405
-0.051765,-0.039006,-0.018164,-0.037259
-0.033462,-0.032161,-0.018043,-0.062257
-0.034176,-0.015711,-0.012801,-0.083084
-0.049223,-0.027160,-0.041359,-0.028451
-0.037903,-0.009926,-0.093383,-0.004981
-0.014342,-0.044112,-0.095210,0.010295
-0.069234,-0.018683,-0.027298,0.012456
-0.116710,-0.020535,-0.018536,0.011039
0.061333,-0.043478,0.056356,0.072746
-0.014153,-0.097813,-0.020748,0.013872
-0.051478,0.094177,-0.048112,-0.011603
-0.069436,0.064425,-0.116690,-0.014838
-0.001300,0.015070,-0.051683,-0.030747
-0.030715,0.056313,-0.023012,-0.042581
-0.018168,0.006855,0.007744,-0.047148
0.001600,-0.014639,-0.026100,-0.078000
-0.001502,-0.029876,-0.030513,-0.067842
-0.023618,-0.066955,0.003529,-0.031254
-0.026176,-0.066436,-0.002530,-0.029627
0.020322,-0.035219,0.001794,-0.115423
0.014621,-0.027084,-0.007381,-0.111922
0.015070,-0.109238,0.054294,-0.008840
-0.013959,-0.110039,0.017702,-0.018617
-0.038381,-0.033258,-0.038693,-0.007117
-0.069963,-0.036826,-0.040239,0.002284
-0.018555,-0.064002,-0.005874,-0.013858
-0.088135,0.054744,-0.229365,0.134466
0.025842,-0.041047,0.042708,-0.147307
-0.011076,-0.047972,0.030956,-0.105479
-0.099134,-0.030640,0.023596,-0.040016
-0.090587,-0.027914,0.016071,-0.043764
-0.046082,-0.034174,-0.015192,-0.050745
-0.019532,-0.047223,-0.042645,-0.036793
0.018644,-0.019085,0.053335,-0.113834
-0.010661,-0.023763,0.040364,-0.095800
-0.012922,-0.036183,-0.106802,0.009714
-0.030889,-0.034093,-0.083335,0.002130
0.048932,-0.103864,0.036793,-0.004371
-0.081690,-0.034337,-0.032435,0.003734
-0.098905,-0.031276,-0.015277,0.000982
-0.051485,-0.043812,-0.023674,-0.025291
0.038659,0.097378,-0.056149,-0.092057
0.165654,0.330426,0.230821,0.056008
0.107887,0.242797,0.193098,0.111655
-0.108256,0.002615,-0.005724,0.007833
-0.093588,-0.052399,-0.030368,0.036028
-0.066556,-0.081310,-0.025445,0.056920
-0.080540,-0.070087,-0.027901,0.052783
-0.079140,-0.061658,-0.036268,0.030901
-0.061981,-0.049347,-0.060028,0.025175
-0.029379,-0.012724,0.011200,-0.002816
-0.075460,-0.012566,-0.012866,-0.041147
-0.044053,-0.046202,-0.032378,-0.023559
-0.034653,-0.045600,-0.042136,-0.023804
0.030654,-0.039274,0.018555,0.008855
-0.041154,-0.047844,-0.018263,-0.031524
-0.060584,0.087891,-0.065750,-0.106524
0.019604,0.151432,0.039850,0.096647
-0.006286,0.081265,-0.039676,0.075333
-0.069573,-0.015622,-0.025873,0.031979
-0.009689,-0.053327,0.076633,0.136723
0.004131,-0.087204,0.070661,0.101895
-0.069680,-0.067311,-0.017700,0.014939
-0.066037,-0.055754,-0.026087,0.007490
0.127144,-0.010749,0.118950,0.024636
0.006078,-0.019184,-0.032229,-0.066240
0.173588,-0.019853,0.174299,0.101433
-0.001412,-0.070615,-0.070008,-0.003873
0.167570,-0.035288,0.160371,0.100899
-0.054601,-0.032610,-0.006159,-0.048743
0.029906,-0.076069,0.025488,0.027032
0.107565,0.074035,-0.044841,-0.070038
0.082021,0.299956,-0.021516,0.036757
0.016852,0.182804,-0.110314,0.054548
0.018936,0.127356,-0.060534,0.070145
0.187157,0.180603,0.229849,0.077430
-0.130863,-0.022466,-0.007981,0.028407
-0.123420,-0.038638,-0.013391,0.029592
-0.070959,-0.064402,-0.032932,0.022411
-0.086910,-0.064266,-0.020330,0.029116
-0.095878,-0.054021,-0.017837,0.024799
-0.062432,-0.064554,-0.037189,0.017992
-0.047920,-0.055757,-0.053565,0.011051
-0.064648,-0.028367,-0.010451,-0.038788
-0.080217,-0.024504,-0.010657,-0.030380
-0.022866,-0.064373,-0.007941,-0.017805
0.140761,0.069520,-0.031853,-0.058909
0.117259,0.321774,-0.057000,0.008348
0.111517,0.250335,-0.070153,0.042587
0.061878,0.185446,-0.097665,0.071881
0.201953,0.124054,0.149557,0.143745
0.015759,0.069370,0.071173,-0.022658
-0.034097,-0.001806,0.055181,0.013242
-0.058647,-0.044717,-0.033363,0.042757
-0.057425,-0.056371,-0.032755,0.042581
-0.096848,-0.060338,-0.013880,0.024882
-0.088588,-0.054976,-0.012187,0.009557
-0.040721,-0.072608,-0.026914,-0.005062
-0.103295,-0.029254,0.006424,-0.019778
-0.104626,-0.028980,0.011083,-0.023331
-0.024610,-0.062261,-0.009623,-0.018114
-0.072881,0.097921,-0.061827,-0.108095
-0.093924,0.128472,0.030273,0.015508
-0.084951,0.101370,-0.048142,0.030187
-0.032037,0.099797,-0.042579,0.060387
-0.010599,0.064267,-0.039934,0.052273
-0.023079,-0.000073,-0.056221,0.031825
-0.066914,-0.039379,-0.025357,0.023235
-0.015379,-0.073314,0.034598,0.076241
0.027500,-0.069698,0.041919,0.046190
-0.051156,-0.073684,-0.008092,-0.001198
-0.050420,-0.066065,-0.019340,-0.002624
0.091358,-0.042530,0.092406,0.000636
0.001767,-0.027042,-0.023968,-0.066882
0.157587,-0.055855,0.168318,0.089497
-0.005422,-0.074147,-0.061996,-0.004423
0.051676,-0.121286,0.063052,0.001706
-0.061541,-0.036207,-0.053925,0.008669
-0.082677,-0.033173,-0.026731,-0.001406
-0.109100,-0.033849,0.000221,-0.002666
-0.036337,-0.051599,-0.015983,-0.030192
-0.101431,0.068290,-0.229264,0.134852
0.088635,-0.008270,0.115935,-0.084658
0.009775,-0.022156,0.062259,-0.007753
-0.107644,-0.021276,0.018912,-0.036185
-0.089946,-0.021949,0.008283,-0.042581
-0.041453,-0.029892,-0.026784,-0.048065
-0.018423,-0.044313,-0.047682,-0.035775
0.017179,-0.038200,0.026174,-0.058250
0.021667,-0.032135,0.042926,-0.078010
-0.013132,-0.042411,-0.083138,-0.007512
-0.031513,-0.037257,-0.066517,-0.010891
-0.015049,-0.104497,-0.016507,-0.003221
-0.044153,-0.031252,-0.048300,-0.010886
-0.079786,-0.032279,-0.024582,-0.008654
0.006116,-0.100886,-0.002538,0.009600
0.007495,-0.001103,0.142432,0.254469
0.100866,0.094377,0.108966,0.003676
0.075129,-0.010746,0.090817,-0.031698
-0.025320,-0.037388,-0.006400,-0.039055
-0.029272,-0.045314,-0.019792,-0.036845
0.081782,-0.023329,0.074338,-0.153623
0.044509,-0.027024,0.020710,-0.170189
-0.002824,-0.091399,-0.018901,-0.018735
-0.012418,-0.089239,-0.025438,-0.016767
-0.005652,-0.029558,0.008684,-0.079721
-0.048298,-0.031783,-0.048052,-0.012154
0.157048,-0.032726,0.162616,0.091870
-0.002762,-0.082326,-0.066301,0.005265
0.142038,-0.050199,0.140337,0.088041
0.027425,-0.076799,0.023725,0.024530
-0.076877,0.074657,-0.223651,0.118148
-0.033981,0.056075,-0.060574,-0.036413
-0.034048,0.021807,-0.057147,-0.052976
0.058132,-0.048866,0.094307,-0.117987
-0.105774,-0.032588,0.023054,-0.030885
-0.103839,-0.023006,0.016302,-0.035650
-0.053206,-0.032672,-0.015071,-0.045245
-0.023315,-0.045012,-0.039174,-0.038692
-0.005240,-0.036752,0.012503,-0.107634
-0.003263,-0.105159,-0.027514,0.002031
-0.051661,0.133092,-0.100699,-0.123873
0.130054,0.343012,0.016534,-0.006839
0.080319,0.324346,0.030330,0.000339
0.009763,0.239548,-0.005428,0.001119
0.011679,0.186281,0.045317,0.081609
-0.009719,0.106118,-0.022946,0.066310
-0.012783,0.067439,-0.039483,0.048572
-0.018467,0.012180,-0.051762,0.032118
-0.065172,-0.030070,-0.026384,0.019803
-0.013784,-0.068219,0.047028,0.080784
0.020122,-0.077910,0.057544,0.056722
-0.055418,-0.069810,-0.014345,0.002184
-0.050370,-0.062850,-0.021692,-0.003944
0.113642,-0.042421,0.124358,0.011369
0.008124,-0.028752,-0.008418,-0.058494
0.142981,-0.062433,0.155924,0.081073
0.142051,-0.057477,0.134840,0.083590
-0.050155,-0.031466,-0.037948,-0.025708
-0.078930,-0.031353,-0.024344,-0.010206
-0.040649,-0.053599,-0.017939,-0.026457
-0.003844,0.004389,0.125338,0.250245
0.002870,0.067520,-0.039925,-0.026977
-0.003804,0.031640,0.014945,-0.037945
0.011147,0.001142,-0.023988,-0.106720
0.011368,-0.019762,-0.017501,-0.091542
-0.008889,-0.062836,0.024925,-0.020574
-0.038578,-0.062769,-0.001410,-0.021405
0.086033,-0.016503,0.068891,-0.037430
0.012651,-0.016587,-0.020376,-0.036728
0.153809,0.008336,0.164757,0.076532
-0.000449,-0.065896,-0.074834,-0.004344
0.086513,-0.046921,0.098853,-0.010799
0.005480,-0.039641,0.041850,-0.131941
-0.010492,-0.053356,-0.065488,-0.016854
-0.015971,-0.043842,-0.079215,-0.007162
0.109622,-0.105463,0.115936,0.045456
-0.054747,-0.033921,-0.042066,-0.014522
-0.073907,-0.029655,-0.027334,-0.013582
-0.107822,-0.031707,0.004335,-0.010619
-0.051491,0.094184,-0.048111,-0.011605
-0.069089,0.102535,-0.068695,-0.109487
-0.156163,0.092584,0.076790,-0.008716
-0.143212,0.071279,-0.033282,-0.006222
-0.126793,0.068978,-0.041136,0.017101
-0.086746,0.066914,-0.048790,0.044762
-0.041963,0.056503,-0.046927,0.057123
-0.017039,0.028133,-0.048315,0.049602
-0.007269,-0.004623,-0.051802,0.039917
-0.046792,-0.027408,-0.027204,0.020336
-0.023863,-0.061326,0.000855,0.026944
0.004053,-0.064475,0.018413,0.020751
-0.056498,-0.071889,-0.009925,0.002114
-0.052765,-0.065324,-0.021396,0.000208
0.092454,-0.045245,0.100283,-0.025533
0.007306,-0.029921,-0.015117,-0.065856
0.009870,-0.119266,0.048444,-0.017231
0.003232,-0.120478,0.034907,-0.023688
-0.038346,-0.036417,-0.065000,0.005069
-0.065028,-0.035725,-0.041251,-0.002216
0.021257,-0.091023,0.014306,0.020875
0.009590,0.004871,0.142191,0.255304
0.068333,0.074690,0.025312,-0.102688
0.098517,-0.062831,0.095725,-0.100647
-0.026051,-0.007404,-0.047102,-0.038520
-0.022621,-0.029112,-0.049338,-0.035351
0.153458,-0.035446,0.182196,0.004286
0.099545,-0.035134,0.121973,-0.103716
-0.017156,-0.046494,-0.054847,-0.027084
-0.024170,-0.041667,-0.057601,-0.021627
0.229378,-0.023780,0.282386,0.092106
-0.017716,-0.031490,-0.043293,-0.035109
-0.044307,-0.037158,-0.016378,-0.032613
0.007353,-0.098477,-0.061145,0.007050
0.006561,-0.090742,-0.068511,0.006834
-0.057679,-0.040257,-0.026410,-0.020512
-0.112817,0.079751,-0.228661,0.134725
0.191517,0.057532,0.227818,0.034980
-0.019728,0.016455,0.015373,-0.108093
-0.076701,-0.024109,-0.005422,-0.039408
-0.074854,-0.021228,-0.007319,-0.042789
-0.050405,-0.023702,-0.018419,-0.038641
-0.045092,-0.032507,-0.023078,-0.039890
-0.039415,-0.038662,-0.029101,-0.038990
-0.057420,-0.025729,-0.001083,-0.061678
-0.035152,-0.055030,-0.015653,-0.026968
-0.099988,0.080211,-0.018402,-0.106795
-0.132790,0.095553,-0.038341,-0.016048
-0.114745,0.098929,-0.044053,0.008535
-0.067798,0.107268,-0.048015,0.046814
-0.029362,0.092206,-0.041308,0.052821
-0.011329,0.057746,-0.040233,0.045024
-0.021418,0.001703,-0.054721,0.029061
-0.063628,-0.027837,-0.023236,0.014068
-0.013484,-0.054231,0.011757,0.019075
0.047259,-0.023134,0.041532,0.021318
-0.056227,-0.062565,-0.007289,-0.000777
-0.054691,-0.062772,-0.014135,-0.002583
0.067841,-0.020211,0.056812,-0.007697
-0.017083,-0.031020,-0.033350,-0.028024
0.155168,-0.077237,0.193715,0.063885
0.092561,-0.122173,0.113404,0.019225
-0.071880,-0.039303,-0.054741,0.021999
-0.089589,-0.033079,-0.024573,0.004127
-0.109322,-0.030855,0.004380,-0.009947
0.007047,-0.072926,0.011388,0.006624
-0.073700,0.072675,-0.222807,0.117119
-0.033053,0.051020,-0.060667,-0.040177
-0.029274,0.014821,-0.056825,-0.054933
0.037047,-0.047060,0.067110,-0.155282
-0.101835,-0.036747,0.024881,-0.032492
-0.103629,-0.025010,0.019131,-0.036685
-0.051428,-0.036926,-0.012263,-0.045577
-0.026165,-0.046685,-0.035908,-0.037434
-0.022952,-0.037861,0.019204,-0.099684
0.016392,-0.094418,0.009279,0.017342
0.207660,0.055078,0.023206,-0.033234
0.214905,0.219197,-0.046747,0.043742
0.183648,0.202498,-0.027799,0.071433
0.185867,0.142435,-0.080904,0.077541
0.180290,0.083883,-0.080837,0.073339
0.155550,0.017906,-0.101700,0.048530
0.212309,0.052042,0.094903,0.048034
0.271954,-0.019125,0.271754,0.045547
0.002942,-0.015217,0.062399,-0.008538
-0.076985,-0.036524,0.021865,0.009574
-0.064238,-0.027031,-0.031818,-0.001752
-0.055569,-0.046751,-0.023015,0.018596
-0.105386,-0.056108,-0.003617,0.018923
-0.091898,-0.051040,-0.012208,0.008953
-0.051436,0.094158,-0.048114,-0.011600
-0.069954,0.065519,-0.118023,-0.013796
-0.005973,0.035342,-0.067149,0.004541
-0.057437,0.178506,-0.034527,0.014169
-0.018247,0.177093,0.014570,-0.005550
0.088084,0.164865,0.031505,-0.073351
0.033539,0.046464,-0.013682,-0.126316
-0.008272,-0.025645,0.013940,-0.035404
-0.024157,-0.048238,0.000320,-0.035039
0.044373,-0.021759,0.017220,-0.136270
0.027387,-0.019360,-0.025205,-0.123487
0.158632,-0.026187,0.154272,0.085144
-0.010516,-0.062923,-0.055856,-0.016602
0.054573,-0.102271,0.073157,0.018428
-0.021696,-0.027000,-0.054655,-0.041424
-0.055604,-0.025908,-0.035736,-0.028246
-0.085555,-0.033678,-0.001326,-0.024178
-0.031371,-0.067435,-0.044481,-0.002886
-0.025990,-0.060501,-0.061347,0.001646
-0.045626,-0.046602,0.015047,-0.045011
-0.026983,-0.056595,-0.010631,-0.024751
-0.066983,0.079963,-0.214907,0.109448
-0.058064,0.082578,-0.056566,-0.037677
-0.047616,0.042070,-0.052271,-0.058542
0.004379,-0.033729,-0.000900,-0.100205
-0.084774,-0.050961,0.018659,-0.029026
-0.105684,-0.029921,0.020123,-0.030712
-0.068955,-0.030035,-0.009821,-0.037382
-0.046734,-0.029600,-0.022977,-0.045452
-0.042687,-0.035442,-0.024821,-0.042391
-0.047598,-0.046886,-0.017236,-0.034474
-0.037322,-0.036891,-0.049611,-0.022369
-0.012925,-0.048027,-0.081783,-0.003451
0.191703,-0.055905,0.201735,0.102480
-0.079829,-0.040673,-0.034188,0.024868
0.018904,-0.089466,0.012310,0.019700
0.001143,0.010596,0.131744,0.251208
0.119756,0.170002,0.123356,0.019142
0.132700,0.085348,0.140700,-0.012885
0.096408,-0.030249,0.104726,-0.065029
0.004647,-0.005136,0.018742,-0.014624
-0.016761,-0.033712,-0.006507,-0.024395
0.045613,-0.021862,0.009924,-0.152512
0.013385,-0.022527,-0.028975,-0.105242
0.071467,-0.049444,0.083461,-0.019580
-0.009695,-0.041402,-0.076575,-0.018519
-0.021733,-0.036653,-0.064821,-0.022976
-0.012399,-0.110046,-0.000536,-0.010493
-0.028541,-0.031003,-0.046528,-0.024630
-0.067112,-0.035788,-0.043164,0.001625
